"Letter","Word"
"a","a"
"a","aa"
"a","ab"
"a","aba"
"a","aback"
"a","abandon"
"a","abandoned"
"a","abandoning"
"a","abandonment"
"a","abase"
"a","abate"
"a","abba"
"a","abbas"
"a","abbey"
"a","abbot"
"a","abbreviated"
"a","abbreviation"
"a","abbreviations"
"a","abdomen"
"a","abdominal"
"a","abducted"
"a","abduction"
"a","abhor"
"a","abide"
"a","abiding"
"a","abigail"
"a","abilities"
"a","ability"
"a","able"
"a","abled"
"a","abnormal"
"a","abnormalities"
"a","abnormally"
"a","aboard"
"a","abode"
"a","abolish"
"a","abolished"
"a","abolishing"
"a","abolition"
"a","abomination"
"a","aboriginal"
"a","abort"
"a","aborted"
"a","abortion"
"a","abortions"
"a","abound"
"a","about"
"a","above"
"a","abrasive"
"a","abridged"
"a","abroad"
"a","abrupt"
"a","abruptly"
"a","abs"
"a","absence"
"a","absences"
"a","absent"
"a","absentee"
"a","absolute"
"a","absolutely"
"a","absorb"
"a","absorbed"
"a","absorbing"
"a","absorbs"
"a","absorption"
"a","abstain"
"a","abstinence"
"a","abstract"
"a","abstraction"
"a","abstracts"
"a","absurd"
"a","absurdity"
"a","abundance"
"a","abundant"
"a","abundantly"
"a","abuse"
"a","abused"
"a","abuser"
"a","abusers"
"a","abuses"
"a","abusing"
"a","abusive"
"a","abyss"
"a","acacia"
"a","academia"
"a","academic"
"a","academically"
"a","academics"
"a","academies"
"a","academy"
"a","accelerate"
"a","accelerated"
"a","accelerating"
"a","acceleration"
"a","accelerator"
"a","accent"
"a","accents"
"a","accept"
"a","acceptable"
"a","acceptance"
"a","accepted"
"a","accepting"
"a","accepts"
"a","access"
"a","accessed"
"a","accessibility"
"a","accessible"
"a","accessing"
"a","accession"
"a","accessories"
"a","accessory"
"a","accident"
"a","accidental"
"a","accidentally"
"a","accidents"
"a","acclaim"
"a","acclaimed"
"a","accolades"
"a","accommodate"
"a","accommodated"
"a","accommodating"
"a","accommodation"
"a","accommodations"
"a","accompanied"
"a","accompanies"
"a","accompaniment"
"a","accompany"
"a","accompanying"
"a","accomplice"
"a","accomplices"
"a","accomplish"
"a","accomplished"
"a","accomplishing"
"a","accomplishment"
"a","accomplishments"
"a","accord"
"a","accordance"
"a","accorded"
"a","according"
"a","accordingly"
"a","accordion"
"a","accords"
"a","account"
"a","accountability"
"a","accountable"
"a","accountancy"
"a","accountant"
"a","accountants"
"a","accounted"
"a","accounting"
"a","accounts"
"a","accreditation"
"a","accredited"
"a","accrued"
"a","accumulate"
"a","accumulated"
"a","accumulating"
"a","accumulation"
"a","accuracy"
"a","accurate"
"a","accurately"
"a","accusation"
"a","accusations"
"a","accuse"
"a","accused"
"a","accuses"
"a","accusing"
"a","accustomed"
"a","ace"
"a","aces"
"a","acetate"
"a","ache"
"a","aches"
"a","achievable"
"a","achieve"
"a","achieved"
"a","achievement"
"a","achievements"
"a","achieves"
"a","achieving"
"a","aching"
"a","acid"
"a","acidic"
"a","acidity"
"a","acids"
"a","acknowledge"
"a","acknowledged"
"a","acknowledgement"
"a","acknowledges"
"a","acknowledging"
"a","acknowledgment"
"a","acne"
"a","acorn"
"a","acoustic"
"a","acoustics"
"a","acquaintance"
"a","acquaintances"
"a","acquainted"
"a","acquire"
"a","acquired"
"a","acquires"
"a","acquiring"
"a","acquisition"
"a","acquisitions"
"a","acquittal"
"a","acquitted"
"a","acre"
"a","acreage"
"a","acres"
"a","acrid"
"a","acronym"
"a","across"
"a","acrylic"
"a","act"
"a","acted"
"a","actin"
"a","acting"
"a","action"
"a","actions"
"a","activate"
"a","activated"
"a","activates"
"a","activating"
"a","activation"
"a","active"
"a","actively"
"a","activism"
"a","activist"
"a","activists"
"a","activities"
"a","activity"
"a","actor"
"a","actors"
"a","actress"
"a","actresses"
"a","actual"
"a","actuality"
"a","actually"
"a","acupuncture"
"a","acute"
"a","acutely"
"a","ad"
"a","adage"
"a","adamant"
"a","adapt"
"a","adaptable"
"a","adaptation"
"a","adaptations"
"a","adapted"
"a","adapter"
"a","adapting"
"a","adaptive"
"a","add"
"a","added"
"a","addict"
"a","addicted"
"a","addiction"
"a","addictions"
"a","addictive"
"a","addicts"
"a","adding"
"a","addition"
"a","additional"
"a","additionally"
"a","additions"
"a","additive"
"a","additives"
"a","address"
"a","addressed"
"a","addresses"
"a","addressing"
"a","adds"
"a","adept"
"a","adequate"
"a","adequately"
"a","adhere"
"a","adhered"
"a","adherence"
"a","adherents"
"a","adhering"
"a","adhesion"
"a","adhesive"
"a","adjacent"
"a","adjective"
"a","adjectives"
"a","adjoining"
"a","adjourned"
"a","adjunct"
"a","adjust"
"a","adjustable"
"a","adjusted"
"a","adjusting"
"a","adjustment"
"a","adjustments"
"a","adjusts"
"a","adjutant"
"a","admin"
"a","administer"
"a","administered"
"a","administering"
"a","administration"
"a","administrations"
"a","administrative"
"a","administrator"
"a","administrators"
"a","admirable"
"a","admiral"
"a","admiralty"
"a","admiration"
"a","admire"
"a","admired"
"a","admirer"
"a","admirers"
"a","admiring"
"a","admission"
"a","admissions"
"a","admit"
"a","admits"
"a","admitted"
"a","admittedly"
"a","admitting"
"a","ado"
"a","adobe"
"a","adolescence"
"a","adolescent"
"a","adolescents"
"a","adopt"
"a","adopted"
"a","adopting"
"a","adoption"
"a","adoptive"
"a","adopts"
"a","adorable"
"a","adoration"
"a","adore"
"a","adored"
"a","adorn"
"a","adorned"
"a","adrenaline"
"a","adrift"
"a","ads"
"a","adult"
"a","adultery"
"a","adulthood"
"a","adults"
"a","advance"
"a","advanced"
"a","advancement"
"a","advancements"
"a","advances"
"a","advancing"
"a","advantage"
"a","advantageous"
"a","advantages"
"a","adventure"
"a","adventurer"
"a","adventurers"
"a","adventures"
"a","adventurous"
"a","adversaries"
"a","adversary"
"a","adverse"
"a","adversely"
"a","adversity"
"a","advert"
"a","advertise"
"a","advertised"
"a","advertisement"
"a","advertisements"
"a","advertiser"
"a","advertisers"
"a","advertising"
"a","adverts"
"a","advice"
"a","advisable"
"a","advise"
"a","advised"
"a","adviser"
"a","advisers"
"a","advises"
"a","advising"
"a","advisor"
"a","advisors"
"a","advisory"
"a","advocacy"
"a","advocate"
"a","advocated"
"a","advocates"
"a","advocating"
"a","ae"
"a","aegis"
"a","aerial"
"a","aero"
"a","aerobic"
"a","aerodynamic"
"a","aeronautical"
"a","aeronautics"
"a","aeroplane"
"a","aerosol"
"a","aerospace"
"a","aesthetic"
"a","aesthetically"
"a","aesthetics"
"a","afar"
"a","affair"
"a","affairs"
"a","affect"
"a","affected"
"a","affecting"
"a","affection"
"a","affectionate"
"a","affectionately"
"a","affections"
"a","affects"
"a","affidavit"
"a","affiliate"
"a","affiliated"
"a","affiliates"
"a","affiliation"
"a","affiliations"
"a","affinity"
"a","affirm"
"a","affirmation"
"a","affirmative"
"a","affirmed"
"a","affirming"
"a","affix"
"a","afflicted"
"a","affliction"
"a","affluent"
"a","afford"
"a","affordability"
"a","affordable"
"a","afforded"
"a","affords"
"a","afire"
"a","afloat"
"a","afoot"
"a","aforementioned"
"a","afoul"
"a","afraid"
"a","aft"
"a","after"
"a","afterlife"
"a","aftermarket"
"a","aftermath"
"a","afternoon"
"a","afternoons"
"a","afterward"
"a","afterwards"
"a","ag"
"a","aga"
"a","again"
"a","against"
"a","agape"
"a","agar"
"a","agate"
"a","age"
"a","aged"
"a","ageing"
"a","agencies"
"a","agency"
"a","agenda"
"a","agendas"
"a","agent"
"a","agents"
"a","ages"
"a","aggravated"
"a","aggravating"
"a","aggregate"
"a","aggregated"
"a","aggregates"
"a","aggregation"
"a","aggression"
"a","aggressive"
"a","aggressively"
"a","aggressor"
"a","agile"
"a","agility"
"a","aging"
"a","agitated"
"a","agitation"
"a","aglow"
"a","agnostic"
"a","ago"
"a","agony"
"a","agora"
"a","agrarian"
"a","agree"
"a","agreeable"
"a","agreed"
"a","agreeing"
"a","agreement"
"a","agreements"
"a","agrees"
"a","agricultural"
"a","agriculture"
"a","ah"
"a","aha"
"a","ahead"
"a","ahem"
"a","ahh"
"a","ahl"
"a","ai"
"a","aid"
"a","aide"
"a","aided"
"a","aider"
"a","aides"
"a","aiding"
"a","ailing"
"a","ailments"
"a","aim"
"a","aimed"
"a","aiming"
"a","aims"
"a","ain"
"a","air"
"a","airborne"
"a","aircraft"
"a","aired"
"a","airfield"
"a","airflow"
"a","airing"
"a","airline"
"a","airliner"
"a","airlines"
"a","airmen"
"a","airplane"
"a","airplanes"
"a","airport"
"a","airports"
"a","airs"
"a","airspace"
"a","airway"
"a","airways"
"a","airy"
"a","ais"
"a","aisle"
"a","aisles"
"a","akin"
"a","ala"
"a","alameda"
"a","alamo"
"a","alan"
"a","alarm"
"a","alarmed"
"a","alarming"
"a","alarms"
"a","alas"
"a","alba"
"a","albeit"
"a","albino"
"a","album"
"a","albums"
"a","alchemist"
"a","alchemy"
"a","alcohol"
"a","alcoholic"
"a","alcoholics"
"a","alcoholism"
"a","alderman"
"a","ale"
"a","alert"
"a","alerted"
"a","alerts"
"a","alexander"
"a","alfa"
"a","algae"
"a","algebra"
"a","algebraic"
"a","algorithm"
"a","algorithms"
"a","alias"
"a","alibi"
"a","alien"
"a","alienate"
"a","alienated"
"a","alienation"
"a","aliens"
"a","align"
"a","aligned"
"a","aligning"
"a","alignment"
"a","alike"
"a","alimony"
"a","alison"
"a","alive"
"a","alkaline"
"a","all"
"a","allay"
"a","allegation"
"a","allegations"
"a","allege"
"a","alleged"
"a","allegedly"
"a","alleges"
"a","allegiance"
"a","alleging"
"a","allegory"
"a","allergic"
"a","allergies"
"a","allergy"
"a","alleviate"
"a","alley"
"a","alleys"
"a","alliance"
"a","alliances"
"a","allied"
"a","allies"
"a","alligator"
"a","allocate"
"a","allocated"
"a","allocation"
"a","allocations"
"a","allot"
"a","allotment"
"a","allotted"
"a","allow"
"a","allowance"
"a","allowances"
"a","allowed"
"a","allowing"
"a","allows"
"a","alloy"
"a","alloys"
"a","alluded"
"a","allure"
"a","alluring"
"a","ally"
"a","almanac"
"a","almighty"
"a","almond"
"a","almonds"
"a","almost"
"a","aloe"
"a","aloft"
"a","aloha"
"a","alone"
"a","along"
"a","alongside"
"a","aloof"
"a","aloud"
"a","alp"
"a","alpha"
"a","alphabet"
"a","alphabetical"
"a","alphabetically"
"a","alpine"
"a","alps"
"a","already"
"a","alright"
"a","also"
"a","altar"
"a","alter"
"a","alteration"
"a","alterations"
"a","altercation"
"a","altered"
"a","altering"
"a","alternate"
"a","alternately"
"a","alternating"
"a","alternative"
"a","alternatively"
"a","alternatives"
"a","alters"
"a","although"
"a","altitude"
"a","altitudes"
"a","alto"
"a","altogether"
"a","alum"
"a","aluminium"
"a","aluminum"
"a","alumni"
"a","always"
"a","am"
"a","ama"
"a","amalgamation"
"a","amass"
"a","amassed"
"a","amateur"
"a","amateurs"
"a","amaze"
"a","amazed"
"a","amazes"
"a","amazing"
"a","amazingly"
"a","amazon"
"a","ambassador"
"a","ambassadors"
"a","amber"
"a","ambient"
"a","ambiguity"
"a","ambiguous"
"a","ambition"
"a","ambitions"
"a","ambitious"
"a","ambivalent"
"a","amble"
"a","ambulance"
"a","ambulances"
"a","ambush"
"a","ambushed"
"a","amelia"
"a","amen"
"a","amend"
"a","amended"
"a","amendment"
"a","amendments"
"a","amends"
"a","amenities"
"a","amethyst"
"a","amid"
"a","amidst"
"a","amin"
"a","amino"
"a","amir"
"a","amiss"
"a","amit"
"a","amity"
"a","ammo"
"a","ammonia"
"a","ammonium"
"a","ammunition"
"a","amnesia"
"a","amnesty"
"a","among"
"a","amongst"
"a","amor"
"a","amount"
"a","amounted"
"a","amounting"
"a","amounts"
"a","amour"
"a","amp"
"a","amphibious"
"a","ample"
"a","amplification"
"a","amplified"
"a","amplifier"
"a","amplifiers"
"a","amplify"
"a","amplitude"
"a","amply"
"a","amps"
"a","amputation"
"a","amuse"
"a","amused"
"a","amusement"
"a","amusing"
"a","amy"
"a","an"
"a","ana"
"a","anal"
"a","analog"
"a","analogous"
"a","analogue"
"a","analogy"
"a","analyse"
"a","analysed"
"a","analyses"
"a","analysing"
"a","analysis"
"a","analyst"
"a","analysts"
"a","analytic"
"a","analytical"
"a","analytics"
"a","analyze"
"a","analyzed"
"a","analyzer"
"a","analyzes"
"a","analyzing"
"a","anarchism"
"a","anarchist"
"a","anarchists"
"a","anarchy"
"a","anatomical"
"a","anatomy"
"a","ancestor"
"a","ancestors"
"a","ancestral"
"a","ancestry"
"a","anchor"
"a","anchorage"
"a","anchored"
"a","anchors"
"a","ancient"
"a","ancients"
"a","ancillary"
"a","and"
"a","android"
"a","andromeda"
"a","anecdotal"
"a","anecdote"
"a","anecdotes"
"a","anemia"
"a","anesthesia"
"a","anesthetic"
"a","aneurysm"
"a","anew"
"a","angel"
"a","angelic"
"a","angelica"
"a","angels"
"a","anger"
"a","angered"
"a","angle"
"a","angled"
"a","angles"
"a","angling"
"a","angrily"
"a","angry"
"a","angst"
"a","anguish"
"a","angular"
"a","ani"
"a","anil"
"a","animal"
"a","animals"
"a","animate"
"a","animated"
"a","animation"
"a","animations"
"a","anime"
"a","animosity"
"a","ankle"
"a","ankles"
"a","anna"
"a","annals"
"a","annex"
"a","annexation"
"a","annexed"
"a","annihilation"
"a","anniversary"
"a","annotated"
"a","announce"
"a","announced"
"a","announcement"
"a","announcements"
"a","announcer"
"a","announcers"
"a","announces"
"a","announcing"
"a","annoy"
"a","annoyance"
"a","annoyed"
"a","annoying"
"a","annoys"
"a","annual"
"a","annually"
"a","annuities"
"a","annuity"
"a","annul"
"a","anode"
"a","anointed"
"a","anomalies"
"a","anomaly"
"a","anon"
"a","anonymity"
"a","anonymous"
"a","anonymously"
"a","anorexia"
"a","another"
"a","answer"
"a","answered"
"a","answering"
"a","answers"
"a","ant"
"a","antagonist"
"a","antagonistic"
"a","antagonists"
"a","antarctic"
"a","ante"
"a","antelope"
"a","antenna"
"a","antennae"
"a","antennas"
"a","anterior"
"a","anthem"
"a","anthology"
"a","anthrax"
"a","anthropological"
"a","anthropologist"
"a","anthropologists"
"a","anthropology"
"a","anti"
"a","antibiotic"
"a","antibiotics"
"a","antibodies"
"a","antibody"
"a","antic"
"a","anticipate"
"a","anticipated"
"a","anticipating"
"a","anticipation"
"a","antics"
"a","antidepressants"
"a","antidote"
"a","antifa"
"a","antigen"
"a","antimicrobial"
"a","antiquated"
"a","antique"
"a","antiques"
"a","antiquities"
"a","antiquity"
"a","antisemitism"
"a","antisocial"
"a","antitrust"
"a","ants"
"a","anus"
"a","anvil"
"a","anxieties"
"a","anxiety"
"a","anxious"
"a","anxiously"
"a","any"
"a","anybody"
"a","anyhow"
"a","anymore"
"a","anyone"
"a","anything"
"a","anytime"
"a","anyway"
"a","anyways"
"a","anywhere"
"a","aorta"
"a","aortic"
"a","apart"
"a","apartheid"
"a","apartment"
"a","apartments"
"a","apathy"
"a","ape"
"a","aperture"
"a","apes"
"a","apex"
"a","aphid"
"a","apiece"
"a","aping"
"a","apnea"
"a","apocalypse"
"a","apocalyptic"
"a","apologies"
"a","apologise"
"a","apologised"
"a","apologize"
"a","apologized"
"a","apologizes"
"a","apologizing"
"a","apology"
"a","apostle"
"a","apostles"
"a","apostolic"
"a","app"
"a","appalled"
"a","appalling"
"a","apparatus"
"a","apparel"
"a","apparent"
"a","apparently"
"a","appeal"
"a","appealed"
"a","appealing"
"a","appeals"
"a","appear"
"a","appearance"
"a","appearances"
"a","appeared"
"a","appearing"
"a","appears"
"a","appease"
"a","appellate"
"a","appendix"
"a","appetite"
"a","applaud"
"a","applauded"
"a","applause"
"a","apple"
"a","apples"
"a","appliance"
"a","appliances"
"a","applicable"
"a","applicant"
"a","applicants"
"a","application"
"a","applications"
"a","applied"
"a","applies"
"a","apply"
"a","applying"
"a","appoint"
"a","appointed"
"a","appointing"
"a","appointment"
"a","appointments"
"a","appoints"
"a","appraisal"
"a","appreciate"
"a","appreciated"
"a","appreciates"
"a","appreciating"
"a","appreciation"
"a","appreciative"
"a","apprehend"
"a","apprehended"
"a","apprehension"
"a","apprehensive"
"a","apprentice"
"a","apprentices"
"a","apprenticeship"
"a","approach"
"a","approached"
"a","approaches"
"a","approaching"
"a","appropriate"
"a","appropriated"
"a","appropriately"
"a","appropriation"
"a","appropriations"
"a","approval"
"a","approvals"
"a","approve"
"a","approved"
"a","approves"
"a","approving"
"a","approximate"
"a","approximately"
"a","approximation"
"a","apps"
"a","apron"
"a","apt"
"a","aptitude"
"a","aptly"
"a","aqua"
"a","aquaculture"
"a","aquarium"
"a","aquatic"
"a","aqueous"
"a","ar"
"a","arabic"
"a","arbitrarily"
"a","arbitrary"
"a","arbitration"
"a","arbor"
"a","arc"
"a","arcade"
"a","arcadia"
"a","arch"
"a","archaeological"
"a","archaeologist"
"a","archaeologists"
"a","archaeology"
"a","archaic"
"a","archbishop"
"a","archdiocese"
"a","arched"
"a","archer"
"a","archers"
"a","archery"
"a","arches"
"a","archie"
"a","archipelago"
"a","architect"
"a","architects"
"a","architectural"
"a","architecture"
"a","architectures"
"a","archival"
"a","archive"
"a","archived"
"a","archives"
"a","arcs"
"a","arctic"
"a","ardent"
"a","ardor"
"a","arduous"
"a","are"
"a","area"
"a","areas"
"a","arena"
"a","arenas"
"a","argentine"
"a","arguably"
"a","argue"
"a","argued"
"a","argues"
"a","arguing"
"a","argument"
"a","arguments"
"a","aria"
"a","arias"
"a","arid"
"a","arise"
"a","arisen"
"a","arises"
"a","arising"
"a","aristocracy"
"a","aristocratic"
"a","arithmetic"
"a","arjun"
"a","ark"
"a","arm"
"a","armada"
"a","armament"
"a","armchair"
"a","armed"
"a","armies"
"a","arming"
"a","armistice"
"a","armor"
"a","armored"
"a","armory"
"a","armour"
"a","arms"
"a","army"
"a","aroma"
"a","aromatic"
"a","arose"
"a","around"
"a","arousal"
"a","aroused"
"a","arrange"
"a","arranged"
"a","arrangement"
"a","arrangements"
"a","arranging"
"a","array"
"a","arrays"
"a","arrears"
"a","arrest"
"a","arrested"
"a","arresting"
"a","arrests"
"a","arrival"
"a","arrivals"
"a","arrive"
"a","arrived"
"a","arrives"
"a","arriving"
"a","arrogance"
"a","arrogant"
"a","arrow"
"a","arrows"
"a","ars"
"a","arse"
"a","arsenal"
"a","arsenic"
"a","arson"
"a","art"
"a","artefacts"
"a","arterial"
"a","arteries"
"a","artery"
"a","arthritis"
"a","article"
"a","articles"
"a","articulate"
"a","articulated"
"a","articulation"
"a","artifact"
"a","artifacts"
"a","artificial"
"a","artificially"
"a","artillery"
"a","artisan"
"a","artisans"
"a","artist"
"a","artistic"
"a","artistry"
"a","artists"
"a","arts"
"a","artsy"
"a","artwork"
"a","artworks"
"a","as"
"a","asbestos"
"a","ascend"
"a","ascended"
"a","ascending"
"a","ascension"
"a","ascent"
"a","ascertain"
"a","ascot"
"a","ascribed"
"a","ash"
"a","ashamed"
"a","ashen"
"a","ashes"
"a","ashore"
"a","aside"
"a","ask"
"a","asked"
"a","askew"
"a","asking"
"a","asks"
"a","asleep"
"a","asp"
"a","asparagus"
"a","aspect"
"a","aspects"
"a","aspen"
"a","asphalt"
"a","aspiration"
"a","aspirations"
"a","aspire"
"a","aspirin"
"a","aspiring"
"a","ass"
"a","assailant"
"a","assassin"
"a","assassinate"
"a","assassinated"
"a","assassination"
"a","assassins"
"a","assault"
"a","assaulted"
"a","assaulting"
"a","assaults"
"a","assay"
"a","assemble"
"a","assembled"
"a","assemblies"
"a","assembling"
"a","assembly"
"a","assent"
"a","assert"
"a","asserted"
"a","asserting"
"a","assertion"
"a","assertions"
"a","assertive"
"a","asserts"
"a","asses"
"a","assess"
"a","assessed"
"a","assessing"
"a","assessment"
"a","assessments"
"a","asset"
"a","assets"
"a","assign"
"a","assigned"
"a","assigning"
"a","assignment"
"a","assignments"
"a","assigns"
"a","assimilate"
"a","assimilated"
"a","assimilation"
"a","assist"
"a","assistance"
"a","assistant"
"a","assistants"
"a","assisted"
"a","assisting"
"a","assists"
"a","associate"
"a","associated"
"a","associates"
"a","associating"
"a","association"
"a","associations"
"a","assorted"
"a","assortment"
"a","assume"
"a","assumed"
"a","assumes"
"a","assuming"
"a","assumption"
"a","assumptions"
"a","assurance"
"a","assurances"
"a","assure"
"a","assured"
"a","assures"
"a","assuring"
"a","asterisk"
"a","asteroid"
"a","asteroids"
"a","asthma"
"a","astonished"
"a","astonishing"
"a","astounding"
"a","astral"
"a","astray"
"a","astrology"
"a","astronaut"
"a","astronauts"
"a","astronomer"
"a","astronomers"
"a","astronomical"
"a","astronomy"
"a","astute"
"a","asylum"
"a","asymmetric"
"a","asymmetrical"
"a","at"
"a","ata"
"a","ate"
"a","atheism"
"a","atheist"
"a","atheists"
"a","athlete"
"a","athletes"
"a","athletic"
"a","athletics"
"a","atlas"
"a","atmosphere"
"a","atmospheric"
"a","atoll"
"a","atom"
"a","atomic"
"a","atoms"
"a","atone"
"a","atonement"
"a","atop"
"a","atrium"
"a","atrocious"
"a","atrocities"
"a","atrocity"
"a","ats"
"a","att"
"a","attach"
"a","attached"
"a","attaches"
"a","attaching"
"a","attachment"
"a","attachments"
"a","attack"
"a","attacked"
"a","attacker"
"a","attackers"
"a","attacking"
"a","attacks"
"a","attain"
"a","attainable"
"a","attained"
"a","attaining"
"a","attainment"
"a","attempt"
"a","attempted"
"a","attempting"
"a","attempts"
"a","attend"
"a","attendance"
"a","attendant"
"a","attendants"
"a","attended"
"a","attendees"
"a","attending"
"a","attends"
"a","attention"
"a","attentive"
"a","attest"
"a","attested"
"a","attic"
"a","attire"
"a","attitude"
"a","attitudes"
"a","attorney"
"a","attorneys"
"a","attract"
"a","attracted"
"a","attracting"
"a","attraction"
"a","attractions"
"a","attractive"
"a","attractiveness"
"a","attracts"
"a","attributable"
"a","attribute"
"a","attributed"
"a","attributes"
"a","attribution"
"a","attrition"
"a","atypical"
"a","auburn"
"a","auction"
"a","auctioned"
"a","auctioneer"
"a","auctions"
"a","audacity"
"a","audible"
"a","audience"
"a","audiences"
"a","audio"
"a","audiobook"
"a","audit"
"a","audited"
"a","auditing"
"a","audition"
"a","auditions"
"a","auditor"
"a","auditorium"
"a","auditors"
"a","auditory"
"a","audits"
"a","auf"
"a","augment"
"a","augmentation"
"a","augmented"
"a","augur"
"a","august"
"a","aunt"
"a","auntie"
"a","aunts"
"a","aunty"
"a","aura"
"a","aurora"
"a","auspices"
"a","auspicious"
"a","austerity"
"a","authentic"
"a","authentication"
"a","authenticity"
"a","author"
"a","authored"
"a","authorisation"
"a","authorised"
"a","authoritarian"
"a","authoritative"
"a","authorities"
"a","authority"
"a","authorization"
"a","authorize"
"a","authorized"
"a","authorizing"
"a","authors"
"a","authorship"
"a","autism"
"a","autistic"
"a","auto"
"a","autobiography"
"a","autograph"
"a","autographs"
"a","autoimmune"
"a","automate"
"a","automated"
"a","automatic"
"a","automatically"
"a","automation"
"a","automobile"
"a","automobiles"
"a","automotive"
"a","autonomous"
"a","autonomy"
"a","autopilot"
"a","autopsy"
"a","autos"
"a","autumn"
"a","auxiliary"
"a","ava"
"a","avail"
"a","availability"
"a","available"
"a","avalanche"
"a","avant"
"a","avatar"
"a","ave"
"a","avenge"
"a","avenger"
"a","avengers"
"a","avenue"
"a","avenues"
"a","average"
"a","averaged"
"a","averages"
"a","averaging"
"a","averse"
"a","aversion"
"a","avert"
"a","averted"
"a","avian"
"a","aviation"
"a","avid"
"a","avocado"
"a","avoid"
"a","avoidance"
"a","avoided"
"a","avoiding"
"a","avoids"
"a","aw"
"a","await"
"a","awaited"
"a","awaiting"
"a","awaits"
"a","awake"
"a","awaken"
"a","awakened"
"a","awakening"
"a","awakens"
"a","award"
"a","awarded"
"a","awarding"
"a","awards"
"a","aware"
"a","awareness"
"a","awash"
"a","away"
"a","awe"
"a","awesome"
"a","awful"
"a","awfully"
"a","awhile"
"a","awkward"
"a","awkwardly"
"a","awoke"
"a","ax"
"a","axe"
"a","axel"
"a","axes"
"a","axial"
"a","axiom"
"a","axion"
"a","axis"
"a","axle"
"a","ay"
"a","aye"
"a","azalea"
"a","azure"
"b","b"
"b","baba"
"b","babe"
"b","babes"
"b","babies"
"b","baby"
"b","babysit"
"b","babysitter"
"b","babysitting"
"b","bach"
"b","bachelor"
"b","bachelorette"
"b","bachelors"
"b","back"
"b","backbone"
"b","backdoor"
"b","backdrop"
"b","backed"
"b","backers"
"b","backfire"
"b","backfired"
"b","background"
"b","backgrounds"
"b","backing"
"b","backlash"
"b","backlog"
"b","backpack"
"b","backpacks"
"b","backs"
"b","backseat"
"b","backside"
"b","backstage"
"b","backstory"
"b","backup"
"b","backups"
"b","backward"
"b","backwards"
"b","backyard"
"b","bacon"
"b","bacteria"
"b","bacterial"
"b","bacterium"
"b","bad"
"b","badass"
"b","badge"
"b","badger"
"b","badgers"
"b","badges"
"b","badly"
"b","badminton"
"b","bae"
"b","baffled"
"b","baffling"
"b","bag"
"b","bagel"
"b","bagels"
"b","baggage"
"b","bagged"
"b","baggy"
"b","bags"
"b","bah"
"b","bail"
"b","bailed"
"b","bailey"
"b","bailout"
"b","bait"
"b","baiting"
"b","bake"
"b","baked"
"b","baker"
"b","bakers"
"b","bakery"
"b","baking"
"b","balance"
"b","balanced"
"b","balances"
"b","balancing"
"b","balconies"
"b","balcony"
"b","bald"
"b","bale"
"b","baler"
"b","ball"
"b","ballad"
"b","ballads"
"b","ballast"
"b","ballerina"
"b","ballet"
"b","ballistic"
"b","balloon"
"b","balloons"
"b","ballot"
"b","ballots"
"b","ballpark"
"b","ballroom"
"b","balls"
"b","balm"
"b","balmy"
"b","bam"
"b","bamboo"
"b","ban"
"b","banal"
"b","banana"
"b","bananas"
"b","banco"
"b","band"
"b","bandage"
"b","bandages"
"b","banded"
"b","bandit"
"b","bandits"
"b","bands"
"b","bandwagon"
"b","bandwidth"
"b","bane"
"b","bang"
"b","banged"
"b","banger"
"b","banging"
"b","bangkok"
"b","bangs"
"b","banish"
"b","banished"
"b","banjo"
"b","bank"
"b","banker"
"b","bankers"
"b","banking"
"b","bankrupt"
"b","bankruptcy"
"b","banks"
"b","banned"
"b","banner"
"b","banners"
"b","banning"
"b","banquet"
"b","bans"
"b","banter"
"b","baptism"
"b","baptist"
"b","baptized"
"b","bar"
"b","barb"
"b","barbarian"
"b","barbarians"
"b","barbaric"
"b","barbecue"
"b","barbed"
"b","barber"
"b","barbie"
"b","bard"
"b","bare"
"b","barefoot"
"b","barely"
"b","bargain"
"b","bargaining"
"b","bargains"
"b","barge"
"b","barges"
"b","barista"
"b","bark"
"b","barker"
"b","barking"
"b","barks"
"b","barley"
"b","barlow"
"b","barn"
"b","barney"
"b","barns"
"b","barometer"
"b","baron"
"b","baroness"
"b","barons"
"b","baroque"
"b","barracks"
"b","barrage"
"b","barre"
"b","barred"
"b","barrel"
"b","barrels"
"b","barren"
"b","barricade"
"b","barrier"
"b","barriers"
"b","barring"
"b","barrister"
"b","barrow"
"b","bars"
"b","bartender"
"b","barter"
"b","basal"
"b","basalt"
"b","base"
"b","baseball"
"b","based"
"b","baseless"
"b","baseline"
"b","baseman"
"b","basement"
"b","bases"
"b","bash"
"b","bashed"
"b","bashing"
"b","basic"
"b","basically"
"b","basics"
"b","basil"
"b","basilica"
"b","basin"
"b","basing"
"b","basins"
"b","basis"
"b","basket"
"b","basketball"
"b","baskets"
"b","bass"
"b","bassist"
"b","bastard"
"b","bastards"
"b","baste"
"b","bastille"
"b","bastion"
"b","bat"
"b","batch"
"b","batches"
"b","bates"
"b","bath"
"b","bathe"
"b","bathed"
"b","bathing"
"b","bathroom"
"b","bathrooms"
"b","baths"
"b","bathtub"
"b","batman"
"b","baton"
"b","bats"
"b","batsman"
"b","battalion"
"b","battalions"
"b","batted"
"b","batter"
"b","battered"
"b","batteries"
"b","batters"
"b","battery"
"b","batting"
"b","battle"
"b","battled"
"b","battlefield"
"b","battleground"
"b","battles"
"b","battleship"
"b","battling"
"b","batty"
"b","bawdy"
"b","bay"
"b","bayonet"
"b","bayou"
"b","bays"
"b","bazaar"
"b","be"
"b","beach"
"b","beaches"
"b","beacon"
"b","beacons"
"b","bead"
"b","beaded"
"b","beads"
"b","beady"
"b","beagle"
"b","beak"
"b","beam"
"b","beaming"
"b","beams"
"b","bean"
"b","beans"
"b","bear"
"b","beard"
"b","bearded"
"b","beards"
"b","bearer"
"b","bearers"
"b","bearing"
"b","bearings"
"b","bears"
"b","beast"
"b","beasts"
"b","beat"
"b","beaten"
"b","beater"
"b","beating"
"b","beatings"
"b","beats"
"b","beau"
"b","beauties"
"b","beautiful"
"b","beautifully"
"b","beauty"
"b","beaver"
"b","beavers"
"b","became"
"b","because"
"b","beck"
"b","become"
"b","becomes"
"b","becoming"
"b","bed"
"b","bedding"
"b","bedrock"
"b","bedroom"
"b","bedrooms"
"b","beds"
"b","bedside"
"b","bedtime"
"b","bee"
"b","beech"
"b","beef"
"b","beefy"
"b","been"
"b","beep"
"b","beer"
"b","beers"
"b","bees"
"b","beet"
"b","beetle"
"b","beetles"
"b","beets"
"b","befit"
"b","before"
"b","beforehand"
"b","beg"
"b","began"
"b","begat"
"b","beget"
"b","beggar"
"b","beggars"
"b","begged"
"b","begging"
"b","begin"
"b","beginner"
"b","beginners"
"b","beginning"
"b","beginnings"
"b","begins"
"b","begs"
"b","begun"
"b","behalf"
"b","behave"
"b","behaved"
"b","behaves"
"b","behaving"
"b","behavior"
"b","behavioral"
"b","behaviors"
"b","behaviour"
"b","behavioural"
"b","behaviours"
"b","beheaded"
"b","behind"
"b","behold"
"b","beige"
"b","bein"
"b","being"
"b","beings"
"b","bel"
"b","belated"
"b","belch"
"b","belie"
"b","belief"
"b","beliefs"
"b","believable"
"b","believe"
"b","believed"
"b","believer"
"b","believers"
"b","believes"
"b","believing"
"b","bell"
"b","bella"
"b","belle"
"b","belligerent"
"b","bellows"
"b","bells"
"b","belly"
"b","belong"
"b","belonged"
"b","belonging"
"b","belongings"
"b","belongs"
"b","beloved"
"b","below"
"b","belt"
"b","belts"
"b","ben"
"b","bench"
"b","benches"
"b","benchmark"
"b","benchmarks"
"b","bend"
"b","bender"
"b","bending"
"b","bends"
"b","beneath"
"b","benedict"
"b","benefactor"
"b","beneficial"
"b","beneficiaries"
"b","beneficiary"
"b","benefit"
"b","benefited"
"b","benefiting"
"b","benefits"
"b","benevolent"
"b","bengal"
"b","benign"
"b","bennet"
"b","benny"
"b","bent"
"b","bequeathed"
"b","beret"
"b","berg"
"b","berries"
"b","berry"
"b","berserk"
"b","berth"
"b","bertha"
"b","beset"
"b","beside"
"b","besides"
"b","besieged"
"b","bespoke"
"b","best"
"b","bestowed"
"b","bestseller"
"b","bet"
"b","beta"
"b","betel"
"b","beth"
"b","bethel"
"b","betray"
"b","betrayal"
"b","betrayed"
"b","betraying"
"b","bets"
"b","better"
"b","betterment"
"b","betting"
"b","between"
"b","bevel"
"b","beverage"
"b","beverages"
"b","beware"
"b","bewildered"
"b","bey"
"b","beyond"
"b","bezel"
"b","bhai"
"b","bi"
"b","bias"
"b","biased"
"b","biases"
"b","bible"
"b","bibles"
"b","biblical"
"b","bibliography"
"b","bicep"
"b","biceps"
"b","bickering"
"b","bicycle"
"b","bicycles"
"b","bid"
"b","bidder"
"b","bidders"
"b","bidding"
"b","biddy"
"b","bids"
"b","bien"
"b","biennial"
"b","big"
"b","bigfoot"
"b","bigger"
"b","biggest"
"b","biggie"
"b","biggs"
"b","bigot"
"b","bigoted"
"b","bigotry"
"b","bigots"
"b","bike"
"b","biker"
"b","bikers"
"b","bikes"
"b","biking"
"b","bikini"
"b","bilateral"
"b","bile"
"b","bilge"
"b","bilingual"
"b","bill"
"b","billboard"
"b","billboards"
"b","billed"
"b","billie"
"b","billing"
"b","billings"
"b","billion"
"b","billionaire"
"b","billionaires"
"b","billions"
"b","bills"
"b","billy"
"b","bin"
"b","binary"
"b","bind"
"b","binder"
"b","binding"
"b","binds"
"b","bing"
"b","binge"
"b","bingo"
"b","binoculars"
"b","bins"
"b","bio"
"b","biochemical"
"b","biochemistry"
"b","biodiversity"
"b","biographer"
"b","biographical"
"b","biographies"
"b","biography"
"b","biological"
"b","biologically"
"b","biologist"
"b","biologists"
"b","biology"
"b","biomass"
"b","biome"
"b","biomedical"
"b","biopic"
"b","biopsy"
"b","bios"
"b","biotech"
"b","biotechnology"
"b","bipartisan"
"b","bipolar"
"b","birch"
"b","bird"
"b","birdie"
"b","birds"
"b","birth"
"b","birthday"
"b","birthdays"
"b","birthplace"
"b","birthright"
"b","births"
"b","bis"
"b","biscuit"
"b","biscuits"
"b","bisexual"
"b","bishop"
"b","bishops"
"b","bison"
"b","bistro"
"b","bit"
"b","bitch"
"b","bitches"
"b","bitching"
"b","bitchy"
"b","bitcoins"
"b","bite"
"b","bites"
"b","biting"
"b","bits"
"b","bitten"
"b","bitter"
"b","bitterly"
"b","bitterness"
"b","bittersweet"
"b","bitty"
"b","biz"
"b","bizarre"
"b","black"
"b","blackberry"
"b","blackboard"
"b","blacked"
"b","blackjack"
"b","blacklist"
"b","blackmail"
"b","blackness"
"b","blackout"
"b","blacks"
"b","blacksmith"
"b","blackwater"
"b","bladder"
"b","blade"
"b","blades"
"b","blah"
"b","blame"
"b","blamed"
"b","blames"
"b","blaming"
"b","blanc"
"b","blanco"
"b","bland"
"b","blank"
"b","blanket"
"b","blankets"
"b","blanks"
"b","blare"
"b","blasphemy"
"b","blast"
"b","blasted"
"b","blaster"
"b","blasting"
"b","blasts"
"b","blatant"
"b","blatantly"
"b","blaze"
"b","blazer"
"b","blazers"
"b","blazing"
"b","bleach"
"b","bleached"
"b","bleaching"
"b","bleak"
"b","bleat"
"b","bled"
"b","bleed"
"b","bleeding"
"b","bleeds"
"b","bleep"
"b","blend"
"b","blended"
"b","blender"
"b","blending"
"b","blends"
"b","bless"
"b","blessed"
"b","blessing"
"b","blessings"
"b","blew"
"b","blight"
"b","blimp"
"b","blind"
"b","blinded"
"b","blindfolded"
"b","blinding"
"b","blindly"
"b","blindness"
"b","blinds"
"b","bling"
"b","blink"
"b","blinking"
"b","bliss"
"b","blisters"
"b","blitz"
"b","blizzard"
"b","bloat"
"b","bloated"
"b","blob"
"b","bloc"
"b","block"
"b","blockade"
"b","blockbuster"
"b","blockchain"
"b","blocked"
"b","blocker"
"b","blockers"
"b","blocking"
"b","blocks"
"b","blog"
"b","blogger"
"b","bloggers"
"b","blogging"
"b","blogs"
"b","bloke"
"b","blokes"
"b","blond"
"b","blonde"
"b","blondie"
"b","blood"
"b","blooded"
"b","bloods"
"b","bloodshed"
"b","bloodstream"
"b","bloody"
"b","bloom"
"b","blooming"
"b","blooms"
"b","blossom"
"b","blossoms"
"b","blot"
"b","blouse"
"b","blow"
"b","blower"
"b","blowing"
"b","blown"
"b","blowout"
"b","blows"
"b","blue"
"b","blueberries"
"b","blueberry"
"b","bluegrass"
"b","blueprint"
"b","blueprints"
"b","bluer"
"b","blues"
"b","bluff"
"b","blunder"
"b","blunt"
"b","bluntly"
"b","blur"
"b","blurb"
"b","blurred"
"b","blurry"
"b","blurt"
"b","blush"
"b","blushing"
"b","boa"
"b","boar"
"b","board"
"b","boarded"
"b","boarding"
"b","boards"
"b","boardwalk"
"b","boast"
"b","boasted"
"b","boasting"
"b","boasts"
"b","boat"
"b","boating"
"b","boats"
"b","bob"
"b","bobby"
"b","bobo"
"b","boca"
"b","bod"
"b","bode"
"b","bodied"
"b","bodies"
"b","bodily"
"b","body"
"b","bodybuilding"
"b","bodyguard"
"b","bodyguards"
"b","bog"
"b","boggling"
"b","bogus"
"b","bohemia"
"b","boil"
"b","boiled"
"b","boiler"
"b","boilers"
"b","boiling"
"b","boils"
"b","boko"
"b","bold"
"b","boldly"
"b","bollocks"
"b","bologna"
"b","bolster"
"b","bolt"
"b","bolted"
"b","bolts"
"b","bom"
"b","bomb"
"b","bombarded"
"b","bombardment"
"b","bombed"
"b","bomber"
"b","bombers"
"b","bombing"
"b","bombings"
"b","bombs"
"b","bombshell"
"b","bon"
"b","bona"
"b","bonanza"
"b","bond"
"b","bondage"
"b","bonded"
"b","bonding"
"b","bonds"
"b","bone"
"b","boner"
"b","bones"
"b","boney"
"b","bonfire"
"b","bong"
"b","bongo"
"b","bonkers"
"b","bonnet"
"b","bonnie"
"b","bonus"
"b","bonuses"
"b","bony"
"b","boo"
"b","boob"
"b","boobs"
"b","booby"
"b","booed"
"b","boogie"
"b","booing"
"b","book"
"b","booked"
"b","booker"
"b","booking"
"b","bookings"
"b","booklet"
"b","bookmark"
"b","books"
"b","bookshop"
"b","bookstore"
"b","bookstores"
"b","boom"
"b","boomer"
"b","boomerang"
"b","boomers"
"b","booming"
"b","boon"
"b","boos"
"b","boost"
"b","boosted"
"b","booster"
"b","boosters"
"b","boosting"
"b","boosts"
"b","boot"
"b","booted"
"b","booth"
"b","booths"
"b","bootleg"
"b","boots"
"b","booty"
"b","booze"
"b","boozy"
"b","bop"
"b","bora"
"b","borax"
"b","border"
"b","bordered"
"b","bordering"
"b","borderline"
"b","borders"
"b","bore"
"b","bored"
"b","boredom"
"b","boring"
"b","born"
"b","borne"
"b","borough"
"b","boroughs"
"b","borrow"
"b","borrowed"
"b","borrower"
"b","borrowers"
"b","borrowing"
"b","bos"
"b","bosom"
"b","boss"
"b","bosses"
"b","bossy"
"b","bot"
"b","botanic"
"b","botanical"
"b","botany"
"b","botch"
"b","botched"
"b","both"
"b","bother"
"b","bothered"
"b","bothering"
"b","bothers"
"b","bots"
"b","bottle"
"b","bottled"
"b","bottles"
"b","bottling"
"b","bottom"
"b","bottoms"
"b","bough"
"b","bought"
"b","boulder"
"b","boulders"
"b","boule"
"b","boulevard"
"b","bounce"
"b","bounced"
"b","bouncer"
"b","bounces"
"b","bouncing"
"b","bouncy"
"b","bound"
"b","boundaries"
"b","boundary"
"b","bounded"
"b","boundless"
"b","bounds"
"b","bounty"
"b","bouquet"
"b","bourbon"
"b","bourgeois"
"b","bourgeoisie"
"b","bourne"
"b","bout"
"b","boutique"
"b","bouts"
"b","bovine"
"b","bow"
"b","bowed"
"b","bowel"
"b","bowels"
"b","bowers"
"b","bowie"
"b","bowing"
"b","bowl"
"b","bowled"
"b","bowler"
"b","bowlers"
"b","bowling"
"b","bowls"
"b","bowman"
"b","bows"
"b","bowser"
"b","box"
"b","boxed"
"b","boxer"
"b","boxers"
"b","boxes"
"b","boxing"
"b","boy"
"b","boycott"
"b","boycotting"
"b","boyfriend"
"b","boyfriends"
"b","boyhood"
"b","boys"
"b","bra"
"b","brace"
"b","braced"
"b","bracelet"
"b","bracelets"
"b","braces"
"b","bracing"
"b","bracket"
"b","brackets"
"b","brad"
"b","brag"
"b","bragging"
"b","braid"
"b","braided"
"b","braids"
"b","braille"
"b","brain"
"b","brains"
"b","brainwashed"
"b","brake"
"b","brakes"
"b","braking"
"b","bran"
"b","branch"
"b","branched"
"b","branches"
"b","branching"
"b","brand"
"b","branded"
"b","branding"
"b","brands"
"b","brandy"
"b","bras"
"b","brash"
"b","brass"
"b","brat"
"b","brave"
"b","bravely"
"b","bravery"
"b","braves"
"b","bravo"
"b","brawl"
"b","brawn"
"b","bray"
"b","brazen"
"b","brazil"
"b","breach"
"b","breached"
"b","breaches"
"b","bread"
"b","breadth"
"b","break"
"b","breakaway"
"b","breakdown"
"b","breakdowns"
"b","breaker"
"b","breakers"
"b","breakfast"
"b","breaking"
"b","breakout"
"b","breaks"
"b","breakthrough"
"b","breakthroughs"
"b","breakup"
"b","breast"
"b","breastfeeding"
"b","breasts"
"b","breath"
"b","breathe"
"b","breathed"
"b","breather"
"b","breathes"
"b","breathing"
"b","breathless"
"b","breaths"
"b","breathtaking"
"b","bred"
"b","bree"
"b","breed"
"b","breeder"
"b","breeders"
"b","breeding"
"b","breeds"
"b","breeze"
"b","breezy"
"b","brethren"
"b","brett"
"b","brew"
"b","brewed"
"b","brewer"
"b","breweries"
"b","brewers"
"b","brewery"
"b","brewing"
"b","briar"
"b","bribe"
"b","bribed"
"b","bribery"
"b","bribes"
"b","brick"
"b","bricks"
"b","bridal"
"b","bride"
"b","brides"
"b","bridesmaid"
"b","bridesmaids"
"b","bridge"
"b","bridges"
"b","bridging"
"b","brief"
"b","briefcase"
"b","briefed"
"b","briefing"
"b","briefings"
"b","briefly"
"b","briefs"
"b","brig"
"b","brigade"
"b","brigades"
"b","brigadier"
"b","bright"
"b","brighten"
"b","brighter"
"b","brightest"
"b","brightly"
"b","brightness"
"b","brill"
"b","brilliance"
"b","brilliant"
"b","brilliantly"
"b","brim"
"b","brine"
"b","bring"
"b","bringing"
"b","brings"
"b","brink"
"b","briny"
"b","brisk"
"b","bristol"
"b","brit"
"b","brits"
"b","britt"
"b","brittle"
"b","bro"
"b","broad"
"b","broadband"
"b","broadcast"
"b","broadcaster"
"b","broadcasters"
"b","broadcasting"
"b","broadcasts"
"b","broaden"
"b","broadened"
"b","broadening"
"b","broader"
"b","broadly"
"b","broccoli"
"b","brochure"
"b","brochures"
"b","brock"
"b","brodie"
"b","broil"
"b","broke"
"b","broken"
"b","broker"
"b","brokerage"
"b","brokers"
"b","broncos"
"b","bronze"
"b","brooch"
"b","brood"
"b","brooding"
"b","brook"
"b","brooks"
"b","broom"
"b","bros"
"b","broth"
"b","brothel"
"b","brothels"
"b","brother"
"b","brotherhood"
"b","brothers"
"b","brought"
"b","brow"
"b","brown"
"b","brownie"
"b","brownies"
"b","browning"
"b","brownish"
"b","browns"
"b","brows"
"b","browse"
"b","browser"
"b","browsers"
"b","browsing"
"b","bruh"
"b","bruins"
"b","bruise"
"b","bruised"
"b","bruises"
"b","bruising"
"b","brunch"
"b","brunette"
"b","brunt"
"b","brush"
"b","brushed"
"b","brushes"
"b","brushing"
"b","brutal"
"b","brutality"
"b","brutally"
"b","brute"
"b","bs"
"b","bubble"
"b","bubbles"
"b","bubbling"
"b","bubbly"
"b","buck"
"b","bucket"
"b","buckets"
"b","buckeyes"
"b","buckle"
"b","bucks"
"b","bucky"
"b","bud"
"b","buddies"
"b","budding"
"b","buddy"
"b","budge"
"b","budget"
"b","budgetary"
"b","budgeting"
"b","budgets"
"b","buds"
"b","buff"
"b","buffalo"
"b","buffer"
"b","buffers"
"b","buffet"
"b","buffs"
"b","buffy"
"b","bug"
"b","bugged"
"b","bugging"
"b","buggy"
"b","bugle"
"b","bugs"
"b","build"
"b","builder"
"b","builders"
"b","building"
"b","buildings"
"b","builds"
"b","buildup"
"b","built"
"b","bulb"
"b","bulbs"
"b","bulge"
"b","bulging"
"b","bulk"
"b","bulky"
"b","bull"
"b","bulldog"
"b","bulldogs"
"b","bullet"
"b","bulletin"
"b","bulletins"
"b","bulletproof"
"b","bullets"
"b","bullied"
"b","bullies"
"b","bullion"
"b","bullish"
"b","bullock"
"b","bullpen"
"b","bulls"
"b","bully"
"b","bullying"
"b","bum"
"b","bummed"
"b","bummer"
"b","bump"
"b","bumped"
"b","bumper"
"b","bumping"
"b","bumps"
"b","bumpy"
"b","bums"
"b","bun"
"b","bunch"
"b","bundle"
"b","bundled"
"b","bundles"
"b","bundy"
"b","bungalow"
"b","bunk"
"b","bunker"
"b","bunkers"
"b","bunnies"
"b","bunny"
"b","buns"
"b","bunting"
"b","burden"
"b","burdened"
"b","burdens"
"b","bureau"
"b","bureaucracy"
"b","bureaucratic"
"b","bureaucrats"
"b","burgeoning"
"b","burger"
"b","burgers"
"b","burgess"
"b","burglar"
"b","burglary"
"b","burgundy"
"b","burial"
"b","burials"
"b","buried"
"b","burke"
"b","burlesque"
"b","burly"
"b","burn"
"b","burned"
"b","burner"
"b","burners"
"b","burning"
"b","burnout"
"b","burns"
"b","burnt"
"b","burr"
"b","burrito"
"b","burrow"
"b","burrows"
"b","burst"
"b","bursting"
"b","bursts"
"b","bury"
"b","burying"
"b","bus"
"b","bused"
"b","buses"
"b","bush"
"b","bushes"
"b","bushy"
"b","busiest"
"b","business"
"b","businesses"
"b","businessman"
"b","businessmen"
"b","bust"
"b","busted"
"b","buster"
"b","busting"
"b","bustling"
"b","busts"
"b","busty"
"b","busy"
"b","but"
"b","butch"
"b","butcher"
"b","butchered"
"b","butchers"
"b","butler"
"b","butt"
"b","butte"
"b","butter"
"b","butterflies"
"b","butterfly"
"b","buttocks"
"b","button"
"b","buttons"
"b","butts"
"b","buxom"
"b","buy"
"b","buyer"
"b","buyers"
"b","buying"
"b","buyout"
"b","buys"
"b","buzz"
"b","buzzed"
"b","buzzer"
"b","buzzing"
"b","by"
"b","bye"
"b","bylaw"
"b","bylaws"
"b","bypass"
"b","bypassing"
"b","byproduct"
"b","bystander"
"b","bystanders"
"b","byte"
"b","bytes"
"c","c"
"c","cab"
"c","cabal"
"c","cabaret"
"c","cabbage"
"c","cabby"
"c","cabin"
"c","cabinet"
"c","cabinets"
"c","cabins"
"c","cable"
"c","cables"
"c","cabs"
"c","cacao"
"c","cache"
"c","cacti"
"c","cactus"
"c","cad"
"c","caddy"
"c","cadence"
"c","cadet"
"c","cadets"
"c","cadre"
"c","cafe"
"c","cafes"
"c","cafeteria"
"c","caffeine"
"c","cage"
"c","caged"
"c","cages"
"c","cagey"
"c","cairn"
"c","cairns"
"c","cake"
"c","cakes"
"c","calamity"
"c","calcium"
"c","calculate"
"c","calculated"
"c","calculates"
"c","calculating"
"c","calculation"
"c","calculations"
"c","calculator"
"c","calculus"
"c","calendar"
"c","calendars"
"c","calf"
"c","cali"
"c","caliber"
"c","calibrated"
"c","calibration"
"c","calibre"
"c","calif"
"c","caliphate"
"c","call"
"c","called"
"c","caller"
"c","callers"
"c","calligraphy"
"c","calling"
"c","callous"
"c","calls"
"c","calm"
"c","calmed"
"c","calmer"
"c","calming"
"c","calmly"
"c","calorie"
"c","calories"
"c","calves"
"c","cam"
"c","came"
"c","camel"
"c","camels"
"c","cameo"
"c","camera"
"c","cameraman"
"c","cameras"
"c","camo"
"c","camouflage"
"c","camp"
"c","campaign"
"c","campaigned"
"c","campaigning"
"c","campaigns"
"c","camped"
"c","camper"
"c","campers"
"c","campfire"
"c","campground"
"c","camping"
"c","camps"
"c","campsite"
"c","campus"
"c","campuses"
"c","cams"
"c","can"
"c","canal"
"c","canals"
"c","canary"
"c","cancel"
"c","canceled"
"c","canceling"
"c","cancellation"
"c","cancellations"
"c","cancelled"
"c","cancelling"
"c","cancels"
"c","cancer"
"c","cancerous"
"c","cancers"
"c","candid"
"c","candidacy"
"c","candidate"
"c","candidates"
"c","candies"
"c","candle"
"c","candlelight"
"c","candles"
"c","candy"
"c","cane"
"c","canes"
"c","canine"
"c","canister"
"c","cannabis"
"c","canned"
"c","cannibal"
"c","cannibalism"
"c","canning"
"c","cannon"
"c","cannons"
"c","cannot"
"c","canny"
"c","canoe"
"c","canoes"
"c","canon"
"c","canonical"
"c","canons"
"c","canopy"
"c","cans"
"c","cant"
"c","canteen"
"c","canton"
"c","cantor"
"c","canvas"
"c","canyon"
"c","canyons"
"c","cap"
"c","capabilities"
"c","capability"
"c","capable"
"c","capacities"
"c","capacitor"
"c","capacity"
"c","capcom"
"c","cape"
"c","caper"
"c","capita"
"c","capital"
"c","capitalism"
"c","capitalist"
"c","capitalists"
"c","capitalization"
"c","capitalize"
"c","capitalized"
"c","capitals"
"c","capitol"
"c","capped"
"c","capping"
"c","caps"
"c","capsule"
"c","capsules"
"c","captain"
"c","captains"
"c","caption"
"c","captions"
"c","captivated"
"c","captivating"
"c","captive"
"c","captives"
"c","captivity"
"c","capture"
"c","captured"
"c","captures"
"c","capturing"
"c","car"
"c","caramel"
"c","carat"
"c","caravan"
"c","carb"
"c","carbohydrate"
"c","carbohydrates"
"c","carbon"
"c","carbonate"
"c","carbs"
"c","carcass"
"c","carcinoma"
"c","card"
"c","cardboard"
"c","cardiac"
"c","cardigan"
"c","cardinal"
"c","cardinals"
"c","cardio"
"c","cardiology"
"c","cardiovascular"
"c","cards"
"c","care"
"c","cared"
"c","career"
"c","careers"
"c","carefree"
"c","careful"
"c","carefully"
"c","caregiver"
"c","caregivers"
"c","careless"
"c","carers"
"c","cares"
"c","caretaker"
"c","cargo"
"c","caricature"
"c","caring"
"c","carl"
"c","carlin"
"c","carmen"
"c","carnage"
"c","carney"
"c","carnival"
"c","carol"
"c","carousel"
"c","carp"
"c","carpenter"
"c","carpenters"
"c","carpet"
"c","carpets"
"c","carr"
"c","carriage"
"c","carriages"
"c","carried"
"c","carrier"
"c","carriers"
"c","carries"
"c","carrot"
"c","carrots"
"c","carry"
"c","carrying"
"c","cars"
"c","cart"
"c","carte"
"c","cartel"
"c","cartels"
"c","carter"
"c","cartier"
"c","cartilage"
"c","carton"
"c","cartoon"
"c","cartoonist"
"c","cartoons"
"c","cartridge"
"c","cartridges"
"c","carts"
"c","carve"
"c","carved"
"c","carver"
"c","carving"
"c","casa"
"c","cascade"
"c","case"
"c","cases"
"c","cash"
"c","cashed"
"c","cashier"
"c","cashing"
"c","cashmere"
"c","casing"
"c","casino"
"c","casinos"
"c","casket"
"c","casserole"
"c","cassette"
"c","cassie"
"c","cast"
"c","caste"
"c","caster"
"c","castes"
"c","casting"
"c","castle"
"c","castles"
"c","castor"
"c","casts"
"c","casual"
"c","casually"
"c","casualties"
"c","casualty"
"c","cat"
"c","catalog"
"c","catalogs"
"c","catalogue"
"c","catalogues"
"c","catalyst"
"c","catalysts"
"c","catalytic"
"c","catapult"
"c","catastrophe"
"c","catastrophic"
"c","catch"
"c","catcher"
"c","catches"
"c","catching"
"c","catchment"
"c","catchy"
"c","cate"
"c","categorically"
"c","categories"
"c","categorized"
"c","category"
"c","cater"
"c","catered"
"c","catering"
"c","caterpillar"
"c","caters"
"c","catfish"
"c","cathedral"
"c","catheter"
"c","cathode"
"c","catholic"
"c","cats"
"c","cattle"
"c","catty"
"c","caucus"
"c","caught"
"c","cauldron"
"c","cauliflower"
"c","caulk"
"c","causal"
"c","causation"
"c","cause"
"c","caused"
"c","causes"
"c","causeway"
"c","causing"
"c","caution"
"c","cautioned"
"c","cautious"
"c","cautiously"
"c","cavalier"
"c","cavaliers"
"c","cavalry"
"c","cave"
"c","caveat"
"c","cavern"
"c","caves"
"c","caviar"
"c","cavil"
"c","cavities"
"c","cavity"
"c","cayman"
"c","cc"
"c","cease"
"c","ceased"
"c","ceasefire"
"c","ceases"
"c","cedar"
"c","ceded"
"c","ceiling"
"c","ceilings"
"c","celebrate"
"c","celebrated"
"c","celebrates"
"c","celebrating"
"c","celebration"
"c","celebrations"
"c","celebratory"
"c","celebrities"
"c","celebrity"
"c","celebs"
"c","celery"
"c","celeste"
"c","celestial"
"c","cell"
"c","cellar"
"c","cello"
"c","cellphone"
"c","cells"
"c","cellular"
"c","cellulose"
"c","cement"
"c","cemented"
"c","cemeteries"
"c","cemetery"
"c","censor"
"c","censored"
"c","censors"
"c","censorship"
"c","census"
"c","cent"
"c","centenary"
"c","centennial"
"c","center"
"c","centered"
"c","centerpiece"
"c","centers"
"c","centimeters"
"c","central"
"c","centralized"
"c","centrally"
"c","centre"
"c","centred"
"c","centres"
"c","centric"
"c","centrist"
"c","cents"
"c","centuries"
"c","centurion"
"c","century"
"c","ceramic"
"c","ceramics"
"c","cereal"
"c","cereals"
"c","cerebral"
"c","ceremonial"
"c","ceremonies"
"c","ceremony"
"c","cert"
"c","certain"
"c","certainly"
"c","certainty"
"c","certificate"
"c","certificates"
"c","certification"
"c","certifications"
"c","certified"
"c","certify"
"c","cervical"
"c","cervix"
"c","cessation"
"c","chad"
"c","chafe"
"c","chaff"
"c","chai"
"c","chain"
"c","chained"
"c","chains"
"c","chainsaw"
"c","chair"
"c","chaired"
"c","chairman"
"c","chairmen"
"c","chairperson"
"c","chairs"
"c","chakra"
"c","chalet"
"c","chalk"
"c","challenge"
"c","challenged"
"c","challenger"
"c","challengers"
"c","challenges"
"c","challenging"
"c","chalmers"
"c","chamber"
"c","chamberlain"
"c","chambers"
"c","chameleon"
"c","champ"
"c","champagne"
"c","champaign"
"c","champion"
"c","championed"
"c","champions"
"c","championship"
"c","championships"
"c","champs"
"c","chance"
"c","chancellor"
"c","chances"
"c","chandelier"
"c","chandler"
"c","change"
"c","changed"
"c","changer"
"c","changes"
"c","changing"
"c","channel"
"c","channeling"
"c","channels"
"c","chant"
"c","chanting"
"c","chants"
"c","chaos"
"c","chaotic"
"c","chap"
"c","chapel"
"c","chaplain"
"c","chapman"
"c","chaps"
"c","chapter"
"c","chapters"
"c","char"
"c","character"
"c","characterised"
"c","characteristic"
"c","characteristics"
"c","characterize"
"c","characterized"
"c","characters"
"c","charcoal"
"c","chard"
"c","charge"
"c","charged"
"c","charger"
"c","chargers"
"c","charges"
"c","charging"
"c","chariot"
"c","charisma"
"c","charismatic"
"c","charitable"
"c","charities"
"c","charity"
"c","charley"
"c","charlie"
"c","charlotte"
"c","charm"
"c","charmed"
"c","charming"
"c","charms"
"c","charred"
"c","chart"
"c","charter"
"c","chartered"
"c","charters"
"c","charting"
"c","charts"
"c","chase"
"c","chased"
"c","chaser"
"c","chases"
"c","chasing"
"c","chasm"
"c","chassis"
"c","chastity"
"c","chat"
"c","chateau"
"c","chats"
"c","chatted"
"c","chatter"
"c","chatting"
"c","chauffeur"
"c","cheap"
"c","cheaper"
"c","cheapest"
"c","cheaply"
"c","cheat"
"c","cheated"
"c","cheater"
"c","cheaters"
"c","cheating"
"c","cheats"
"c","check"
"c","checked"
"c","checker"
"c","checkers"
"c","checking"
"c","checklist"
"c","checkout"
"c","checkpoint"
"c","checkpoints"
"c","checks"
"c","cheddar"
"c","cheek"
"c","cheeks"
"c","cheeky"
"c","cheer"
"c","cheered"
"c","cheerful"
"c","cheering"
"c","cheerleader"
"c","cheerleaders"
"c","cheerleading"
"c","cheers"
"c","cheery"
"c","cheese"
"c","cheeseburger"
"c","cheesecake"
"c","cheeses"
"c","cheesy"
"c","cheetah"
"c","chef"
"c","chefs"
"c","chemical"
"c","chemically"
"c","chemicals"
"c","chemist"
"c","chemistry"
"c","chemists"
"c","chemo"
"c","chemotherapy"
"c","cheng"
"c","cheque"
"c","cherish"
"c","cherished"
"c","cherries"
"c","cherry"
"c","chess"
"c","chest"
"c","chesterfield"
"c","chestnut"
"c","chests"
"c","chevron"
"c","chevy"
"c","chew"
"c","chewed"
"c","chewing"
"c","chi"
"c","chia"
"c","chic"
"c","chick"
"c","chicken"
"c","chickens"
"c","chicks"
"c","chide"
"c","chief"
"c","chiefly"
"c","chiefs"
"c","child"
"c","childbirth"
"c","childcare"
"c","childhood"
"c","childish"
"c","childless"
"c","children"
"c","childs"
"c","chile"
"c","chili"
"c","chill"
"c","chilled"
"c","chilli"
"c","chilling"
"c","chills"
"c","chilly"
"c","chime"
"c","chimes"
"c","chimney"
"c","chimneys"
"c","chin"
"c","china"
"c","chino"
"c","chip"
"c","chipotle"
"c","chipped"
"c","chipping"
"c","chips"
"c","chirp"
"c","chit"
"c","chivalry"
"c","chloride"
"c","chlorine"
"c","chock"
"c","chocolate"
"c","chocolates"
"c","choice"
"c","choices"
"c","choir"
"c","choke"
"c","choked"
"c","choking"
"c","cholera"
"c","cholesterol"
"c","choose"
"c","chooses"
"c","choosing"
"c","chop"
"c","chopped"
"c","chopper"
"c","chopping"
"c","chops"
"c","choral"
"c","chord"
"c","chords"
"c","chore"
"c","choreographed"
"c","choreographer"
"c","choreography"
"c","chores"
"c","chorus"
"c","chose"
"c","chosen"
"c","chow"
"c","christie"
"c","christy"
"c","chrome"
"c","chromium"
"c","chromosome"
"c","chromosomes"
"c","chronic"
"c","chronically"
"c","chronicle"
"c","chronological"
"c","chronology"
"c","chubby"
"c","chuck"
"c","chuckle"
"c","chuckled"
"c","chuckles"
"c","chump"
"c","chunk"
"c","chunks"
"c","chunky"
"c","church"
"c","churches"
"c","churn"
"c","churning"
"c","chute"
"c","cider"
"c","cigar"
"c","cigarette"
"c","cigarettes"
"c","cigars"
"c","cinch"
"c","cinema"
"c","cinemas"
"c","cinematic"
"c","cinematography"
"c","cinnamon"
"c","cipher"
"c","circa"
"c","circle"
"c","circled"
"c","circles"
"c","circling"
"c","circuit"
"c","circuitry"
"c","circuits"
"c","circular"
"c","circulate"
"c","circulated"
"c","circulating"
"c","circulation"
"c","circumcision"
"c","circumference"
"c","circumstance"
"c","circumstances"
"c","circumstantial"
"c","circumvent"
"c","circus"
"c","cis"
"c","cisco"
"c","citadel"
"c","citation"
"c","citations"
"c","cite"
"c","cited"
"c","cites"
"c","cities"
"c","citing"
"c","citizen"
"c","citizens"
"c","citizenship"
"c","citrus"
"c","city"
"c","civic"
"c","civil"
"c","civilian"
"c","civilians"
"c","civilisation"
"c","civilised"
"c","civility"
"c","civilization"
"c","civilizations"
"c","civilized"
"c","clack"
"c","clad"
"c","claim"
"c","claimant"
"c","claimants"
"c","claimed"
"c","claiming"
"c","claims"
"c","claire"
"c","clam"
"c","clamp"
"c","clamps"
"c","clams"
"c","clan"
"c","clandestine"
"c","clang"
"c","clank"
"c","clans"
"c","clap"
"c","clapped"
"c","clapping"
"c","clarence"
"c","clarification"
"c","clarified"
"c","clarify"
"c","clarifying"
"c","clarinet"
"c","clarity"
"c","clash"
"c","clashed"
"c","clashes"
"c","clasp"
"c","class"
"c","classed"
"c","classes"
"c","classic"
"c","classical"
"c","classics"
"c","classification"
"c","classifications"
"c","classified"
"c","classify"
"c","classmate"
"c","classmates"
"c","classroom"
"c","classrooms"
"c","classy"
"c","clause"
"c","clauses"
"c","claw"
"c","claws"
"c","clay"
"c","clean"
"c","cleaned"
"c","cleaner"
"c","cleaners"
"c","cleaning"
"c","cleanliness"
"c","cleanly"
"c","cleans"
"c","cleanse"
"c","cleanser"
"c","cleansing"
"c","cleanup"
"c","clear"
"c","clearance"
"c","clearances"
"c","cleared"
"c","clearer"
"c","clearest"
"c","clearing"
"c","clearly"
"c","clears"
"c","cleat"
"c","cleavage"
"c","cleaver"
"c","cleft"
"c","clegg"
"c","clement"
"c","clergy"
"c","clergyman"
"c","cleric"
"c","clerical"
"c","clerics"
"c","clerk"
"c","clerks"
"c","clever"
"c","cleverly"
"c","cliche"
"c","click"
"c","clicked"
"c","clicking"
"c","clicks"
"c","client"
"c","clientele"
"c","clients"
"c","cliff"
"c","cliffs"
"c","climate"
"c","climates"
"c","climatic"
"c","climax"
"c","climb"
"c","climbed"
"c","climber"
"c","climbers"
"c","climbing"
"c","climbs"
"c","clinch"
"c","clinched"
"c","cling"
"c","clinging"
"c","clinic"
"c","clinical"
"c","clinically"
"c","clinicians"
"c","clinics"
"c","clink"
"c","clint"
"c","clip"
"c","clipped"
"c","clipper"
"c","clippers"
"c","clipping"
"c","clips"
"c","clique"
"c","cloak"
"c","clock"
"c","clocked"
"c","clocks"
"c","clockwise"
"c","clockwork"
"c","clogged"
"c","clone"
"c","cloned"
"c","clones"
"c","cloning"
"c","close"
"c","closed"
"c","closely"
"c","closeness"
"c","closer"
"c","closes"
"c","closest"
"c","closet"
"c","closets"
"c","closing"
"c","closure"
"c","closures"
"c","clot"
"c","cloth"
"c","clothed"
"c","clothes"
"c","clothing"
"c","cloths"
"c","cloud"
"c","clouded"
"c","clouds"
"c","cloudy"
"c","clout"
"c","clove"
"c","clover"
"c","cloves"
"c","clown"
"c","clowns"
"c","club"
"c","clubhouse"
"c","clubs"
"c","cluck"
"c","clue"
"c","clued"
"c","clueless"
"c","clues"
"c","clump"
"c","clumsy"
"c","clung"
"c","cluster"
"c","clustered"
"c","clustering"
"c","clusters"
"c","clutch"
"c","clutches"
"c","clutching"
"c","clutter"
"c","coach"
"c","coached"
"c","coaches"
"c","coaching"
"c","coal"
"c","coalition"
"c","coalitions"
"c","coarse"
"c","coast"
"c","coastal"
"c","coaster"
"c","coasters"
"c","coastline"
"c","coasts"
"c","coat"
"c","coated"
"c","coating"
"c","coatings"
"c","coats"
"c","cob"
"c","cobalt"
"c","cobra"
"c","coca"
"c","cocaine"
"c","cock"
"c","cockpit"
"c","cockroach"
"c","cockroaches"
"c","cocks"
"c","cocktail"
"c","cocktails"
"c","cocky"
"c","coco"
"c","cocoa"
"c","coconut"
"c","cocoon"
"c","cod"
"c","code"
"c","coded"
"c","codes"
"c","codex"
"c","coding"
"c","coe"
"c","coefficient"
"c","coefficients"
"c","coerced"
"c","coercion"
"c","coexist"
"c","coffee"
"c","coffees"
"c","coffin"
"c","coffins"
"c","cog"
"c","cognition"
"c","cognitive"
"c","coherence"
"c","coherent"
"c","cohesion"
"c","cohesive"
"c","cohort"
"c","cohorts"
"c","coil"
"c","coils"
"c","coin"
"c","coinage"
"c","coincide"
"c","coincided"
"c","coincidence"
"c","coincidentally"
"c","coincides"
"c","coined"
"c","coins"
"c","coke"
"c","col"
"c","cola"
"c","cold"
"c","colder"
"c","coldest"
"c","cole"
"c","coles"
"c","coli"
